UF,Município,Órgão,Data,Modalidade,Área,Valor estimado (R$),Valor homologado (R$),Desconto,Contrato,Exclusiva ME/EPP,Objeto,Link PNCP
GO,Goiânia,ESTADO DE GOIAS,2025-01-03,Pregão - Eletrônico,Climatização,6750000.00,4155000.00,0.384,continuado,não,CONTRATAÇÃO DE EMPRESA PARA PRESTAÇÃO DE SERVIÇOS CONTINUADOS DE MANUTENÇÃO PREVENTIVA E CORRETIVA DOS SISTEMA,https://pncp.gov.br/app/editais/01409580000138/2025/11
GO,Acreúna,MUNICIPIO DE ACREUNA,2025-01-08,Pregão - Eletrônico,Climatização,1367942.83,989999.99,0.276,continuado,não,Registro de Preços para contratação de empresa especializada em prestação dos serviços continuados na instalaç,https://pncp.gov.br/app/editais/02218683000183/2025/9
GO,Vicentinópolis,MUNICIPIO DE VICENTINOPOLIS,2025-01-27,Pregão - Presencial,Climatização,1030703.31,353941.00,0.657,indefinido,não,"contratação de empresa especializada, para a prestação de serviços de manutenção corretiva e preventiva, carga",https://pncp.gov.br/app/editais/00044834000107/2025/2
GO,Pontalina,MUNICIPIO DE PONTALINA,2025-01-31,Pregão - Presencial,Climatização,469881.00,164600.00,0.650,pontual,não,REGISTRO DE PREÇOS PARA EVENTUAL E FUTURA CONTRATAÇÃO DE EMPRESA ESPECIALIZADA NA MANUTENÇÃO PREVENTIVA E REPA,https://pncp.gov.br/app/editais/01791276000106/2025/12
GO,Itaberaí,MUNICIPIO DE ITABERAI,2025-02-18,Pregão - Eletrônico,Climatização,440520.00,124532.00,0.660,indefinido,sim,"Contratação de empresa especializada em serviços de desinstalações, instalações, manutenções corretivas e prev",https://pncp.gov.br/app/editais/02451938000153/2025/70
GO,Anápolis,ANAPOLIS CAMARA MUNICIPAL DE ANAPOLIS,2025-03-10,Pregão - Eletrônico,Climatização,138316.62,41881.00,0.697,continuado,não,Contratação de pessoa jurídica especializada na prestação de serviços continuados de manutenção preventiva e c,https://pncp.gov.br/app/editais/02756070000108/2025/15
GO,Chapadão do Céu,MUNICIPIO DE CHAPADAO DO CEU,2025-04-01,Pregão - Eletrônico,Climatização,360429.03,248540.00,0.310,pontual,não,REGISTRO DE PREÇOS PARA EVENTUAL CONTRATAÇÃO DE EMPRESA ESPECIALIZADA NA PRESTAÇÃO DE NA PRESTAÇÃO DE SERVIÇOS,https://pncp.gov.br/app/editais/24859332000194/2025/30
GO,Bela Vista de Goiás,MUNICIPIO DE BELA VISTA DE GOIAS,2025-04-28,Pregão - Eletrônico,Climatização,169673.52,74864.10,0.559,pontual,não,"Contratação futura, eventual e parcelada de empresa especializada na prestação de serviço de instalação, desin",https://pncp.gov.br/app/editais/01005917000141/2025/75
GO,Senador Canedo,MUNICIPIO DE SENADOR CANEDO,2025-04-29,Pregão - Eletrônico,Climatização,348555.80,98900.00,0.716,indefinido,não,[Portal de Compras Públicas] - REGISTRO DE PREÇOS PARA FUTURA CONTRATAÇÃO DE EMPRESA ESPECIALIZADA EM PRESTAÇÃ,https://pncp.gov.br/app/editais/25107525000151/2025/123
GO,Ceres,MUNICIPIO DE CERES,2025-04-29,Pregão - Eletrônico,Climatização,640752.00,335000.00,0.477,pontual,não,"PRESTAÇÃO DE SERVIÇO DE MANUTENÇÃO PREVENTIVA E CORRETIVA EM APARELHOS DE AR CONDICIONADOS, CENTRAIS DE AR E A",https://pncp.gov.br/app/editais/01131713000157/2025/72
GO,Goiânia,COMANDO DO EXERCITO,2025-05-07,Pregão - Eletrônico,Climatização,544018.84,237944.10,0.563,continuado,não,"Contratação de serviços continuados de manutenção preventiva e corretiva em aparelhos condicionadores de ar, c",https://pncp.gov.br/app/editais/00394452000103/2024/23284
GO,Palmeiras de Goiás,FUNDO MUNICIPAL DE EDUCACAO BASICA - FMEB,2025-06-17,Pregão - Eletrônico,Climatização,310149.30,197900.00,0.362,indefinido,não,EMPRESA ESPECIALIZADA EM MANUTENÇÃO PREVENTIVA E CORRETIVA DE APARELHOS DE AR CONDICIONADO,https://pncp.gov.br/app/editais/55262249000167/2025/40
GO,Caldas Novas,MUNICIPIO DE CALDAS NOVAS,2025-06-25,Pregão - Eletrônico,Climatização,163550.40,81795.00,0.500,pontual,não,REGISTRO DE PREÇO PARA FUTURA E EVENTUAL   CONTRATAÇÃO DE EMPRESA ESPECIALIZADA EM SERVIÇOS DE MANUTENÇÃO CORR,https://pncp.gov.br/app/editais/01787506000155/2025/107
GO,Aparecida de Goiânia,MUNICIPIO DE APARECIDA DE GOIANIA,2025-07-10,Pregão - Eletrônico,Climatização,428920.00,297999.96,0.305,continuado,não,"Contratação de empresa especializada em manutenção preventiva mensal, corretiva e emergencial, nos sistemas de",https://pncp.gov.br/app/editais/01005727000124/2025/88
GO,Caldas Novas,MUNICIPIO DE CALDAS NOVAS,2025-07-11,Pregão - Eletrônico,Climatização,1407290.72,1049900.00,0.254,pontual,não,REGISTRO DE PREÇO PARA FUTURA E EVENTUAL CONTRATAÇÃO DE EMPRESA ESPECIALIZADA NA PRESTAÇÃO DE SERVIÇOS DE MANU,https://pncp.gov.br/app/editais/01787506000155/2025/119
GO,Palmeiras de Goiás,FUNDO MUNICIPAL DE SAUDE -FMS,2025-07-18,Pregão - Eletrônico,Climatização,773445.24,110388.00,0.857,indefinido,não,EMPRESA ESPECIALIZADA NA MANUTENÇÃO PREVENTIVA E CORRETIVA DOS EXAUSTORES DE CLIMATIZAÇÃO DE AR CONDICIONADO,https://pncp.gov.br/app/editais/11168270000122/2025/60
GO,Ceres,FUNDO MUNICIPAL DE SAUDE DE CERES,2025-07-21,Pregão - Eletrônico,Climatização,121336.70,56000.00,0.538,indefinido,não,REFERENTE A CONTRATAÇÃO DE EMPRESA ESPECIALIZADA PARA PRESTAÇÃO DE SERVIÇOS DE MANUTENÇÃO PREVENTIVA E CORRETI,https://pncp.gov.br/app/editais/11111771000172/2025/126
GO,Mineiros,FUNDO MUNICIPAL DE SAUDE DE MINEIROS,2025-07-29,Pregão - Eletrônico,Climatização,600071.50,168100.00,0.720,indefinido,não,"CONTRATAÇÃO DE EMPRESA ESPECIALIZADA EM MANUTENÇÃO PREVENTIVA E CORRETIVA, INSTALAÇÃO E DESINSTALAÇÃO E REPOSI",https://pncp.gov.br/app/editais/11924138000101/2025/1136
GO,Crixás,MUNICIPIO DE CRIXAS,2025-07-30,Pregão - Presencial,Climatização,291288.00,109221.60,0.597,indefinido,não,"REGISTRAR PREÇOS PARA SERVIÇOS DE INSTALAÇÃO, MANUTENÇÃO E HIGIENIZAÇÃO DE APARELHOS DE AR CONDICIONADO PARA A",https://pncp.gov.br/app/editais/02382067000163/2025/551
GO,Jataí,MUNICIPIO DE JATAI,2025-08-13,Pregão - Eletrônico,Climatização,535317.75,253820.00,0.526,indefinido,não,[Portal de Compras Públicas] - O objeto da presente licitação é a escolha da proposta mais vantajosa para cont,https://pncp.gov.br/app/editais/01165729000180/2025/246
GO,Caçu,MUNICIPIO DE CACU,2025-08-14,Pregão - Eletrônico,Climatização,947421.64,522410.90,0.449,indefinido,não,"[LICITANET] - Contratação de empresa especializada para prestação de serviços de limpeza/higienização, instala",https://pncp.gov.br/app/editais/01164292000160/2025/13
GO,Mundo Novo,MUNICIPIO DE MUNDO NOVO,2025-08-21,Pregão - Presencial,Climatização,1325308.50,585838.00,0.558,indefinido,não,"CONTRATAÇÃO DE PRESTAÇÃO DE SERVIÇOS DE INSTALAÇÃO, LIMPEZA, MANUTENÇÃO CORRETIVA E PREVENTIVA EM APARELHOS DE",https://pncp.gov.br/app/editais/00163055000112/2025/135
GO,Goiânia,CONSELHO REGIONAL DE CONTABILIDADE DO ESTADO DE GOIAS,2025-08-22,Pregão - Eletrônico,Climatização,119171.53,198200.00,0.161,continuado,não,"Prestação de serviços continuados de manutenção preventiva e corretiva das instalações, equipamentos e aparelh",https://pncp.gov.br/app/editais/01015676000111/2025/60
GO,Goiânia,ESTADO DE GOIAS,2025-08-22,Pregão - Eletrônico,Climatização,1436849.84,69432.00,0.895,pontual,não,Contratação de empresa para a prestação de serviços de manutenção preventiva e corretiva em equipamentos de ar,https://pncp.gov.br/app/editais/01409580000138/2025/2124
GO,Campinaçu,MUNICIPIO DE CAMPINACU,2025-08-27,Pregão - Presencial,Climatização,129149.02,128316.00,0.006,indefinido,não,"PRESTAÇÃO DE SERVIÇOS DE MANUTENÇÃO (CORRETIVA E PREVENTIVA), INSTALAÇÃO E HIGIENIZAÇÃO DE CONDICIONADORES DE",https://pncp.gov.br/app/editais/00145789000179/2025/395
GO,Goiânia,ESTADO DE GOIAS,2025-08-28,Pregão - Eletrônico,Climatização,1537512.12,1070904.00,0.244,pontual,não,"Prestação de serviço de manutenção preventiva e/ou corretiva nos EQUIPAMENTOS DE CLIMATIZAÇÃO, tipo central,",https://pncp.gov.br/app/editais/01409580000138/2025/2200
GO,Firminópolis,FUNDO MUNICIPAL DE SAUDE DE FIRMINOPOLIS,2025-09-01,Pregão - Presencial,Climatização,826376.53,560050.16,0.276,indefinido,não,SOLICITAÇÃO PARA ABERTURA DE PROCEDIMENTO LICITATÓRIO PARA A CONTRATAÇÃO DE EMPRESA ESPECIALIZADA EM PRESTAÇÃO,https://pncp.gov.br/app/editais/11324516000108/2025/105
GO,Anicuns,MUNICIPIO DE ANICUNS,2025-09-04,Pregão - Eletrônico,Climatização,1118844.94,547277.35,0.438,indefinido,não,SOLICITAÇÃO PARA CONTRATAÇÃO DE EMPRESA ESPECIALIZADA EM MANUTENÇÃO PREVENTIVA E CORRETIVA DE AR CONDICIONADO.,https://pncp.gov.br/app/editais/02262368000153/2025/79
GO,Barro Alto,MUNICIPIO DE BARRO ALTO,2025-09-15,Pregão - Presencial,Climatização,1248603.34,886610.00,0.094,indefinido,não,CONTRATAÇÃO DE PESSOA JURÍDICA PARA PRESTAÇÃO DE SERVIÇOS DE MANUTENÇÃO CORRETIVA E PREVENTIVA EM APARELHOS DE,https://pncp.gov.br/app/editais/02355675000189/2025/30
GO,Uruaçu,MUNICIPIO DE URUACU,2025-09-23,Pregão - Eletrônico,Climatização,147939.60,104446.90,0.000,indefinido,não,"CONTRATAÇÃO DE EMPRESA ESPECIALIZADA NA PRESTAÇÃO DE SERVIÇOS DE INSTALAÇÃO, DESINSTALAÇÃO E MANUTENÇÃO DE AR",https://pncp.gov.br/app/editais/01219807000182/2025/187
GO,Ouro Verde de Goiás,MUNICIPIO DE OURO VERDE DE GOIAS,2025-09-25,Pregão - Presencial,Climatização,466666.60,70000.00,0.850,indefinido,não,CONTRATAÇÃO DE PESSOA JURÍDICA PARA PRESTAÇÃO DE SERVIÇOS ESPECIALIZADOS PARA MANUTENÇÃO PREVENTIVA E CORRETIV,https://pncp.gov.br/app/editais/01485531000184/2025/70
GO,Acreúna,MUNICIPIO DE ACREUNA,2025-10-01,Pregão - Eletrônico,Climatização,2633768.17,2245000.00,0.148,continuado,não,"Registro de Preços, para contratação de empresa especializada em serviços continuados de Manutenção Preventiva",https://pncp.gov.br/app/editais/02218683000183/2025/278
GO,Goianésia,FUNDO MUNICIPAL DE SAUDE,2025-10-02,Pregão - Eletrônico,Climatização,196282.66,183666.30,0.064,pontual,não,REGISTRO DE PREÇOS PARA A CONTRATAÇÃO DE EMPRESA PARA O FORNECIMENTO DE TABLETS E APARELHOS DE AR CONDICIONADO,https://pncp.gov.br/app/editais/36975571000199/2025/866
GO,Goiânia,MINISTERIO DA GESTAO E DA INOVACAO EM SERVICOS PUBLICOS,2025-10-07,Pregão - Eletrônico,Climatização,647784.91,999093.37,0.310,pontual,não,"Registro de Preços para a contratação de serviços de manutenção preventiva, corretiva, assistência técnica, in",https://pncp.gov.br/app/editais/00489828000155/2025/620
GO,Palmeiras de Goiás,MUNICIPIO DE PALMEIRAS DE GOIAS,2025-10-07,Pregão - Eletrônico,Climatização,409242.85,199999.00,0.511,indefinido,não,Contratação de empresa especializada em manutenção preventiva e corretiva de aparelhos de Ar Condicionado pelo,https://pncp.gov.br/app/editais/02394757000132/2025/237
GO,Goiânia,SECRETARIA MUNICIPAL DE SAUDE,2025-10-10,Pregão - Eletrônico,Climatização,9204961.00,7360520.00,0.200,pontual,não,"Contratação de empresa, por meio de SRPREÇOS, para realização de serviços técnicos especializados em processos",https://pncp.gov.br/app/editais/25141524000123/2025/100
GO,Caldas Novas,DEMAE - DEPARTAMENTO MUNICIPAL DE AGUA E ESGOTO,2025-10-14,Pregão - Eletrônico,Climatização,160547.66,112500.00,0.299,pontual,não,CONTRATAÇÃO DE EMPRESA PARA REGISTRO DE PREÇOS PARA FUTURA E EVENTUAL MANUTENÇÃO PREVENTIVA E CORRETIVA E INST,https://pncp.gov.br/app/editais/00675468000186/2025/67
GO,Goiânia,ESTADO DE GOIAS,2025-10-20,Pregão - Eletrônico,Climatização,1112388.10,270990.00,0.753,continuado,não,"Contratação de empresa especializada para prestação de serviços continuados, sem dedicação exclusiva, de assis",https://pncp.gov.br/app/editais/01409580000138/2025/2809
GO,Uruaçu,FUNDO MUNICIPAL DE EDUCACAO - FME,2025-10-28,Pregão - Eletrônico,Climatização,1712813.62,282309.30,0.329,pontual,não,"REGISTRO DE PREÇOS PARA AQUISIÇÃO EVENTUAL, FUTURA E PARCELADA DE SERVIÇO DE MANUTENÇÃO DOS APARELHOS DE AR CO",https://pncp.gov.br/app/editais/18070772000165/2025/111
GO,Goiânia,ESTADO DE GOIAS,2025-11-04,Pregão - Eletrônico,Climatização,2191331.89,1444945.00,0.341,pontual,não,"Contratação de empresa especializada na prestação de serviços de manutenção preventiva e/ou corretiva, em Equi",https://pncp.gov.br/app/editais/01409580000138/2025/2964
GO,Goiânia,CONSELHO REGIONAL DE ENFERMAGEM DE GOIAS,2025-11-05,Pregão - Eletrônico,Climatização,375931.64,124940.00,0.668,indefinido,não,Contratação de empresa especializada para prestação de serviços contínuos de manutenção preventiva e corretiva,https://pncp.gov.br/app/editais/00237222000122/2025/18
GO,Uruaçu,FUNDO MUNICIPAL DE SAUDE DE URUACU,2025-11-06,Pregão - Eletrônico,Climatização,178442.94,135689.80,0.000,continuado,não,Eventual contratação de empresa especializada para prestação dos serviços de natureza continuada de manutenção,https://pncp.gov.br/app/editais/04755973000191/2025/109
GO,Goiânia,ESTADO DE GOIAS,2025-11-17,Pregão - Eletrônico,Climatização,60231.84,15000.00,0.226,indefinido,sim,"Manutenção preventiva, corretiva e preditiva nos equipamentos de ar condicionados da Sede da Retomada na Praça",https://pncp.gov.br/app/editais/01409580000138/2025/3114
GO,Jataí,FUNDO MUNICIPAL DE SAUDE,2025-11-19,Pregão - Eletrônico,Climatização,623180.10,522869.50,0.161,pontual,não,[Portal de Compras Públicas] - Contratação através de Pregão Eletrônico sistema de registro de preços do tipo,https://pncp.gov.br/app/editais/12053489000149/2025/139
GO,Senador Canedo,MUNICIPIO DE SENADOR CANEDO,2025-11-25,Pregão - Eletrônico,Climatização,1986495.34,1395979.16,0.675,pontual,não,[Portal de Compras Públicas] - REGISTRO DE PREÇOS PARA FUTURA E EVENTUAL CONTRATAÇÃO DE EMPRESA PARA EXECUTAR,https://pncp.gov.br/app/editais/25107525000151/2025/367
GO,Aparecida de Goiânia,FUNDO ESPECIAL MUNICIPAL PARA O CORPO DE BOMBEIROS MILITAR D,2025-12-16,Pregão - Eletrônico,Climatização,86592.55,58000.00,0.330,pontual,não,"CONTRATAÇÃO DE EMPRESA ESPECIALIZADA PARA PRESTAÇÃO DE SERVIÇOS, SOB DEMANDA, RELACIONADOS À MANUTENÇÃO PREVEN",https://pncp.gov.br/app/editais/22100219000103/2025/6
GO,Aparecida de Goiânia,MUNICIPIO DE APARECIDA DE GOIANIA,2025-12-16,Pregão - Eletrônico,Climatização,86592.55,58000.00,0.330,continuado,não,"Contratação de empresa especializada para prestação de serviços, sob demanda, relacionados à manutenção preven",https://pncp.gov.br/app/editais/01005727000124/2026/4
GO,Britânia,MUNICIPIO DE BRITANIA,2026-01-19,Pregão - Presencial,Climatização,181144.00,162989.57,0.100,pontual,não,"REGISTRO DE PREÇOS, TIPO MENOR PREÇO POR ITEM, VISANDO A CONTRATAÇÃO DE EMPRESA ESPECIALIZADA NA PRESTAÇÃO DE",https://pncp.gov.br/app/editais/02296325000199/2026/6
GO,Catalão,MUNICIPIO DE CATALAO,2026-02-10,Pregão - Eletrônico,Climatização,2763932.74,1446347.64,0.350,pontual,não,"Contratação de serviços sem dedicação exclusiva de mão de obra de manutenção preventiva e corretiva, incluindo",https://pncp.gov.br/app/editais/01505643000150/2025/216
GO,Bela Vista de Goiás,FUNDO MUNICIPAL DE SAUDE,2026-03-02,Pregão - Eletrônico,Climatização,359134.17,215000.00,0.401,pontual,não,"Contratação futura, eventual e parcelada de empresa especializada na prestação de serviço de instalação, desin",https://pncp.gov.br/app/editais/08083086000175/2026/13
GO,Goiânia,TRIBUNAL SUPERIOR ELEITORAL,2026-03-05,Pregão - Eletrônico,Climatização,43789.78,17330.00,0.604,continuado,sim,"Contratação de serviços continuados de manutenção preventiva, corretiva e elaboração de Plano de Manutenção, O",https://pncp.gov.br/app/editais/00509018000113/2026/494
GO,Santa Rita do Araguaia,MUNICIPIO DE SANTA RITA DO ARAGUAIA,2026-03-06,Pregão - Eletrônico,Climatização,314158.51,114424.62,0.458,indefinido,não,SOLICITAÇÃO DE ABERTURA DE PROCESSO LICITATÓRIO  PARA CONTRATAÇÃO DE EMPRESA ESPECIALIZADA EM MANUTENÇÃO DE AR,https://pncp.gov.br/app/editais/01067990000148/2026/2
GO,Senador Canedo,AGENCIA DE SANEAMENTO DE SENADOR CANEDO - SANESC,2026-03-09,Pregão - Eletrônico,Climatização,56988.30,56988.30,0.000,pontual,não,"CONTRATAÇÃO DE EMPRESA PARA EXECUTAR SERVIÇOS DE MANUTENÇÃO PREVENTIVA, CORRETIVA, INSTALAÇÃO E DESINSTALAÇÃO",https://pncp.gov.br/app/editais/37426889000183/2026/3
GO,Chapadão do Céu,MUNICIPIO DE CHAPADAO DO CEU,2026-03-17,Pregão - Eletrônico,Climatização,123740.00,116299.96,0.060,pontual,não,REGISTRO DE PREÇOS PARA CONTRATAÇÃO DE EMPRESA ESPECIALIZADA NA PRESTAÇÃO DE SERVIÇOS DE MANUTENÇÃO PREVENTIVA,https://pncp.gov.br/app/editais/24859332000194/2026/175
GO,Acreúna,MUNICIPIO DE ACREUNA,2026-04-29,Pregão - Eletrônico,Climatização,110115.00,59880.00,0.456,pontual,não,"Contratação de empresa especializada para prestação de serviços de diagnóstico funcional, manutenção preventiv",https://pncp.gov.br/app/editais/02218683000183/2026/206
GO,Goianésia,FUNDO MUNICIPAL DE SAUDE,2026-04-30,Pregão - Eletrônico,Climatização,3295521.50,1144000.00,0.653,pontual,não,PROCESSO LICITATORIO MODALIDADE REGISTRO DE PREÇO PARA CONTRATAÇÃO DE EMPRESA ESPECIALIZADA NA PRESTAÇÃO DE SE,https://pncp.gov.br/app/editais/36975571000199/2026/200
GO,Nova Crixás,MUNICIPIO DE NOVA CRIXAS,2026-05-07,Pregão - Presencial,Climatização,939816.65,774048.50,0.176,pontual,não,CONTRATAÇÃO DE EMPRESA PARA O REGISTRO DE PREÇOS EVENTUAL CONTRATAÇÃO NA PRESTAÇÃO DE SERVIÇOS DE INSTALAÇÃO/R,https://pncp.gov.br/app/editais/00236968000111/2025/55
GO,Anápolis,MUNICIPIO DE ANAPOLIS,2026-05-29,Pregão - Eletrônico,Climatização,2466726.24,937000.00,0.620,pontual,não,Registro de preços para futura e eventual contratação de empresa especializada para prestação dos serviços con,https://pncp.gov.br/app/editais/01067479000146/2026/118
GO,Acreúna,MUNICIPIO DE ACREUNA,2026-05-29,Pregão - Eletrônico,Climatização,110115.00,59880.00,0.456,pontual,não,"CONTRATAÇÃO DE EMPRESA ESPECIALIZADA PARA PRESTAÇÃO  DE SERVIÇOS DE DIAGNÓSTICO FUNCIONAL, MANUTENÇÃO  PREVENT",https://pncp.gov.br/app/editais/02218683000183/2026/263
GO,Águas Lindas de Goiás,FUNDO MUNICIPAL DE ASSISTENCIA SOCIAL,2026-06-08,Pregão - Eletrônico,Climatização,788204.79,628135.65,0.203,pontual,não,"REGISTRO DE PREÇOS PARA FUTURA E EVENTUAL AQUISIÇÃO DE EQUIPAMENTOS DE INFORMÁTICA, PERIFÉRICOS, AR CONDICIONA",https://pncp.gov.br/app/editais/12560864000147/2026/16
GO,Senador Canedo,MUNICIPIO DE SENADOR CANEDO,2026-06-10,Pregão - Eletrônico,Climatização,520743.18,264998.50,0.491,pontual,não,[Portal de Compras Públicas] - REGISTRO DE PREÇOS PARA FUTURA E EVENTUAL CONTRATAÇÃO DE EMPRESA PARA EXECUTAR,https://pncp.gov.br/app/editais/25107525000151/2026/296
GO,Goiânia,"INSTITUTO FEDERAL DE EDUCACAO, CIENCIA E TECNOLOGIA GOIANO",2026-07-01,Pregão - Eletrônico,Climatização,413029.46,79615.00,0.674,continuado,não,Registro de peço para contratação de serviços de manutenção preventiva e corretiva em aparelhos de ar condicio,https://pncp.gov.br/app/editais/10651417000178/2026/119
GO,Rubiataba,MUNICIPIO DE RUBIATABA,2026-07-01,Pregão - Eletrônico,Climatização,2874344.01,239369.95,0.805,continuado,não,[Portal de Compras Públicas] - SOLICITAÇAO PARA CONTRATAÇÃO DE EMPRESA ESPECIALIZADA NA PRESTAÇÃO DE SERVIÇOS,https://pncp.gov.br/app/editais/02382836000123/2026/105
GO,Rubiataba,MUNICIPIO DE RUBIATABA,2026-07-01,Pregão - Eletrônico,Climatização,2874352.51,239369.95,0.805,continuado,não,SOLICITAÇAO PARA CONTRATAÇÃO DE EMPRESA ESPECIALIZADA NA PRESTAÇÃO DE SERVIÇOS DE MANUTENÇÃO PREVENTIVA E CORR,https://pncp.gov.br/app/editais/02382836000123/2026/106
GO,Planaltina,MUNICIPIO DE PLANALTINA,2026-07-24,Pregão - Eletrônico,Climatização,1672329.00,1337865.32,0.200,pontual,não,[Portal de Compras Públicas] - Contratação de empresa especializada em serviços de manutenção de ar-condiciona,https://pncp.gov.br/app/editais/01740422000166/2026/69
GO,Jataí,COMANDO DO EXERCITO,2026-08-05,Pregão - Eletrônico,Climatização,116783.28,58382.00,0.500,pontual,sim,Contratação de serviços de instalação de ar condicionado e manutenção de máquinas e equipamentos.,https://pncp.gov.br/app/editais/00394452000103/2026/15739
GO,Crixás,MUNICIPIO DE CRIXAS,2026-08-11,Pregão - Presencial,Climatização,335115.10,176178.85,0.529,pontual,não,"REGISTRO DE PREÇO PARA PRESTAÇÃO DE SERVIÇOS DE INSTALAÇÃO, MANUTENÇÃO E HIGIENIZAÇÃO DE APARELHOS DE AR CONDI",https://pncp.gov.br/app/editais/02382067000163/2026/336
GO,Jataí,UNIVERSIDADE FEDERAL DE JATAI,2025-06-23,Pregão - Eletrônico,Elétrica predial,1757581.52,1625205.66,0.075,indefinido,não,Contratação de serviços contínuos de MANUTENÇÃO PREVENTIVA E CORRETIVA DE REDE ELÉTRICA DE MÉDIA TENSÃO E ILUM,https://pncp.gov.br/app/editais/35840659000130/2025/13
GO,Goiânia,ESTADO DE GOIAS,2025-08-08,Pregão - Eletrônico,Elétrica predial,504910.59,424000.00,0.160,indefinido,não,Contratação de empresa especializada em engenharia civil para execução de serviços de reparação e manutenção d,https://pncp.gov.br/app/editais/01409580000138/2025/1971
GO,Rio Verde,FESURV - UNIVERSIDADE DE RIO VERDE,2025-08-26,Pregão - Eletrônico,Elétrica predial,836485.92,327931.08,0.391,continuado,não,REGISTRO DE PREÇOS PARA CONTRATAÇÃO DE EMPRESA ESPECIALIZADA NA PRESTAÇÃO DOS SERVIÇOS COMUNS CONTINUADOS DE M,https://pncp.gov.br/app/editais/01815216000178/2025/177
GO,Jataí,COMANDO DO EXERCITO,2025-08-27,Pregão - Eletrônico,Elétrica predial,34606.85,32186.00,0.070,pontual,não,"Registro de Preços pelo prazo de 12 (doze) meses, para eventual contratação de serviços de manutenção de rede",https://pncp.gov.br/app/editais/00394452000103/2025/16511
GO,Itaberaí,MUNICIPIO DE ITABERAI,2025-10-30,Concorrência - Eletrônica,Elétrica predial,796669.59,749000.00,0.060,indefinido,não,Construção de cobertura para espaço de vivência e reforma de instalaçõees elétricas na Escola Padre Elígio,https://pncp.gov.br/app/editais/02451938000153/2025/346
GO,Goiânia,INDUSTRIA QUIMICA DO ESTADO DE GOIAS S A IQUEGO,2026-08-13,Pregão - Eletrônico,Elétrica predial,42659.48,21384.00,0.499,pontual,sim,Contratação de empresa especializada para realizar a manutenção preventiva e preditiva dos grupos geradores de,https://pncp.gov.br/app/editais/01541283000141/2026/22
GO,Cocalzinho de Goiás,MUNICIPIO DE COCALZINHO DE GOIAS,2026-01-16,Concorrência - Eletrônica,Iluminação pública,534849.05,400000.00,0.252,indefinido,não,"EXECUÇÃO DE ILUMINAÇÃO PÚBLICA NO DISTRITO DE EDILÂNDIA, MUNICÍPIO DE COCALZINHO DE GOIÁS, REFERENTE AO PROCES",https://pncp.gov.br/app/editais/36985463000105/2026/19
GO,Bom Jesus de Goiás,MUNICIPIO DE BOM JESUS,2026-04-24,Concorrência - Eletrônica,Iluminação pública,132971.73,132971.73,0.022,indefinido,não,"[Portal de Compras Públicas] - CONTRATAÇÃO DE EMPRESA DE ENGENHARIA PARA SERVIÇOS DE ENGENHARIA ELÉTRICA, EXTE",https://pncp.gov.br/app/editais/01149624000138/2026/88
GO,Buriti Alegre,MUNICIPIO DE BURITI ALEGRE,2026-06-12,Pregão - Eletrônico,Iluminação pública,783057.72,451800.00,0.423,continuado,não,"Contratação de pessoa jurídica, para a prestação de serviços contínuos na manutenção do Parque de Iluminação P",https://pncp.gov.br/app/editais/01345909000144/2026/113
GO,Goiânia,TRIBUNAL SUPERIOR DO TRABALHO,2025-01-13,Pregão - Eletrônico,Manutenção predial,1880859.16,3158522.84,0.151,pontual,não,"Contratação de empresa especializada para prestação dos serviços de manutenção predial preditiva, preventiva e",https://pncp.gov.br/app/editais/00509968000148/2025/160
GO,Goiânia,ESTADO DE GOIAS,2026-03-10,Pregão - Eletrônico,Manutenção predial,37208853.22,31086463.08,0.165,pontual,não,"Contratação de serviços de manutenção predial, incluindo manutenções preventivas, corretivas, programadas e em",https://pncp.gov.br/app/editais/01409580000138/2026/387
GO,Itapirapuã,MUNICIPIO DE ITAPIRAPUA,2025-03-17,Pregão - Presencial,Munck,132999.96,113880.00,0.144,indefinido,não,LOCAÇÃO DE CAMINHÃO EQUIPADO COM CESTO AÉREO,https://pncp.gov.br/app/editais/02024933000144/2025/74
GO,Santa Fé de Goiás,MUNICIPIO DE SANTA FE DE GOIAS,2025-09-22,Pregão - Eletrônico,Munck,206632.80,206632.80,0.000,pontual,não,ABERTURA DE PROCESSO LICITATÓRIO PARA LOCAÇÃO DE CAMINHÃO SKY COM CESTO AÉREO E OPERADOR.,https://pncp.gov.br/app/editais/25107517000105/2025/304
GO,Três Ranchos,MUNICIPIO DE TRES RANCHOS,2025-10-14,Pregão - Presencial,Munck,208180.80,154800.00,0.256,pontual,não,Locação de caminhão Munck com cesto aéreo para serviços de manutenção da iluminação pública e apoio em ativida,https://pncp.gov.br/app/editais/01304286000161/2025/139
GO,Vila Propício,MUNICIPIO DE VILA PROPICIO,2025-10-20,Concorrência - Eletrônica,Munck,140520.31,66044.55,0.530,pontual,não,CONTRATAÇÃO DE PESSOA JURÍDICA PARA EXECUÇÃO DE OBRA DE IMPLATAÇÃO DE SISTEMA DE ILUMINAÇÃO PÚBLICA NA AV. LUI,https://pncp.gov.br/app/editais/01612817000183/2025/830
GO,Mineiros,SERVICO AUTONOMO DE AGUA E ESGOTO,2025-12-04,Pregão - Eletrônico,Munck,633100.00,590000.00,0.068,pontual,não,"CONTRATAÇÃO DE SERVIÇOS DE CAMINHÃO MUNCK, CONFORME AS NECESSIDADES DO SERVIÇO AUTÔNOMO DE ÁGUA E ESGOTO ? SAA",https://pncp.gov.br/app/editais/02316487000141/2025/44
GO,Morro Agudo de Goiás,MUNICIPIO DE MORRO AGUDO DE GOIAS,2026-04-22,Pregão - Eletrônico,Munck,785800.30,168254.00,0.622,pontual,não,CONTRATAÇÃO DE EMPRESA ESPECIALIZADA NO FORNECIMENTO DE MATERIAIS ELÉTRICOS E LOCAÇÃO DE CESTO AÉREO PARA MANU,https://pncp.gov.br/app/editais/25043621000183/2026/128
GO,Itaguaru,MUNICIPIO DE ITAGUARU,2026-05-20,Pregão - Eletrônico,Munck,188966.64,188966.64,0.000,pontual,não,"Registro de Preços para contratação, sob demanda, de empresa especializada em locação de caminhão com cesto aé",https://pncp.gov.br/app/editais/01067255000134/2026/63
GO,Silvânia,MUNICIPIO DE SILVANIA,2026-05-22,Pregão - Eletrônico,Munck,644277.36,393300.00,0.390,continuado,não,OFICIO Nº331/2026 LOCAÇÃO DE CAMINHÃO EQUIPADO COM CESTO AÉREO E CAMINHÃO COMPACTADOR DE LIXO.,https://pncp.gov.br/app/editais/01068030000100/2026/205
GO,Goianésia,MUNICIPIO DE GOIANESIA,2026-06-01,Pregão - Eletrônico,Munck,1397510.40,565440.00,0.595,pontual,não,"REGISTRO DE PREÇOS PARA A REGISTRO DE PREÇOS, PARA A CONTRATAÇÃO DE EMPRESA PARA LOCAÇÃO DE CAMINHÃO TIPO MUNC",https://pncp.gov.br/app/editais/01065846000172/2026/584
GO,Pontalina,MUNICIPIO DE PONTALINA,2026-06-02,Pregão - Presencial,Munck,90740.04,90732.00,0.000,continuado,não,Locação de caminhão com escada giratória e cesto aéreo para manutenção da rede de iluminação pública em atendi,https://pncp.gov.br/app/editais/01791276000106/2026/62
GO,Itaguari,MUNICIPIO DE ITAGUARI,2026-07-31,Pregão - Presencial,Munck,166658.04,144000.00,0.136,continuado,não,"SOLICITA-SE A CONTRATAÇÃO DE EMPRESA PARA PRESTAÇÃO DE SERVIÇOS DE LOCAÇÃO DE UM CAMINHÃO COM CESTO AÉREO, A D",https://pncp.gov.br/app/editais/24850109000186/2026/46
GO,Corumbaíba,MUNICIPIO DE CORUMBAIBA,2026-08-18,Pregão - Presencial,Munck,194580.00,180000.00,0.075,pontual,não,"SOLICITAÇÃO DE ABERTURA DE PROCEDIMENTO LICITATÓRIO PERTINENTE PARA LOCAÇÃO DE CAMINHAO COM MOTORISTA, CESTO A",https://pncp.gov.br/app/editais/01302603000100/2026/110
GO,Senador Canedo,MUNICIPIO DE SENADOR CANEDO,2024-10-22,Pregão - Eletrônico,Refrigeração,561034.65,473753.60,0.156,pontual,não,"[Portal de Compras Públicas] - REGISTRO DE PREÇOS PARA FUTURA E EVENTUAL CONTRATAÇÃO DE EMPRESA PARA  PRESTAÇ",https://pncp.gov.br/app/editais/25107525000151/2024/237
GO,Catalão,FUNDO MUNICIPAL DE SAUDE - CATALAO,2025-04-03,Pregão - Eletrônico,Refrigeração,1512774.21,490515.00,0.472,pontual,não,Contratação de prestação de serviços sem dedicação exclusiva de mão de obra para manutenção corretiva e higien,https://pncp.gov.br/app/editais/03532661000156/2025/13
GO,Goiânia,GOIANIA CAMARA MUNICIPAL DE GOIANIA,2025-06-12,Pregão - Eletrônico,Refrigeração,758998.08,685000.00,0.097,pontual,não,"Contratação de serviços de manutenção preventiva e corretiva em aparelhos de ar-condicionado, bebedouros, refr",https://pncp.gov.br/app/editais/00001727000193/2025/22
GO,Senador Canedo,MUNICIPIO DE SENADOR CANEDO,2025-11-25,Pregão - Eletrônico,Refrigeração,155485.67,155399.99,0.001,pontual,não,[Portal de Compras Públicas] - REGISTRO DE PREÇOS PARA FUTURA E EVENTUAL CONTRATAÇÃO DE EMPRESA ESPECIALIZADA,https://pncp.gov.br/app/editais/25107525000151/2025/369
GO,Mambaí,MUNICIPIO DE MAMBAI,2026-04-23,Pregão - Presencial,Refrigeração,329768.73,330968.75,-0.004,indefinido,não,"Contratação de empresa especializada para a prestação de serviços de manutenção preventiva e corretiva, bem co",https://pncp.gov.br/app/editais/01740463000152/2026/118
MS,Inocência,MUNICIPIO DE INOCENCIA,2025-11-25,Pregão - Eletrônico,Climatização,456100.00,1.36,1.000,pontual,não,objeto da presente licitação é contratação de empresa especializada para disponibilização de sistema de gerenc,https://pncp.gov.br/app/editais/03342938000188/2025/98
MT,Aripuanã,ARIPUANA CAMARA MUNICIPAL,2026-02-02,Pregão - Eletrônico,Climatização,58805.40,57688.00,0.004,pontual,não,contratação de empresa especializada para execução de serviços de instalação e manutenção (preventiva e corret,https://pncp.gov.br/app/editais/01875665000101/2026/1
TO,Colinas do Tocantins,MUNICIPIO DE COLINAS DO TOCANTINS,2026-03-30,Pregão - Eletrônico,Climatização,379690.56,82868.00,0.569,continuado,não,Contratação sob Registro de Preço na prestação de serviços continuados de manutenção preventiva e corretiva da,https://pncp.gov.br/app/editais/01795483000120/2026/17
MS,Rio Brilhante,MUNICIPIO DE RIO BRILHANTE,2026-04-29,Pregão - Eletrônico,Climatização,1017390.02,650000.00,0.361,indefinido,não,"REGISTRO DE PREÇO PARA CONTRATAÇÃO DE EMPRESA ESPECIALIZADA NA PRESTAÇÃO DE SERVIÇOS DE INSTALAÇÃO, MANUTENÇÃO",https://pncp.gov.br/app/editais/03681582000107/2026/23
TO,Paraíso do Tocantins,ASSOCIACAO DE APOIO DO CENTRO DE ENSINO MEDIO GIRASSOL DE TE,2026-04-30,Pregão - Eletrônico,Climatização,154229.17,98092.80,0.364,pontual,sim,"Prestação de serviços de manutenção preventiva e corretiva em equipamentos de bens móveis, compreendendo equip",https://pncp.gov.br/app/editais/11675300000197/2026/3
MS,Campo Grande,TRIBUNAL DE JUSTICA DO ESTADO MATO GROSSO DO SUL,2026-05-06,Pregão - Eletrônico,Climatização,943428.96,525999.84,0.442,indefinido,não,Serviços de manutenção preventiva e corretiva dos sistemas de climatização central da Secretaria do TJMS e dos,https://pncp.gov.br/app/editais/03979663000198/2025/26
MS,Nova Andradina,CAMARA MUNICIPAL DE NOVA ANDRADINA,2026-05-28,Pregão - Eletrônico,Climatização,86924.20,40910.00,0.529,indefinido,não,Contratação de empresa especializada para prestação de serviços contínuos de manutenção preventiva em aparelho,https://pncp.gov.br/app/editais/15487762000131/2026/10
MS,Nova Andradina,FUNDACAO SERVICOS DE SAUDE DE NOVA ANDRADINA,2026-05-28,Pregão - Eletrônico,Climatização,501559.58,39372.70,0.092,indefinido,não,CONTRATAÇÃO DE EMPRESA ESPECIALIZADA PARA A PRESTAÇÃO DE SERVIÇOS EM MANUTENÇÃO DE EQUIPAMENTOS DE AR CONDICIO,https://pncp.gov.br/app/editais/12600146000157/2026/37
MS,Novo Horizonte do Sul,MUNICIPIO DE NOVO HORIZONTE DO SUL,2026-05-29,Pregão - Presencial,Climatização,205691.43,129288.00,0.371,pontual,não,REGISTRO DE PREÇOS PARA FUTURA E EVENTUAL CONTRATAÇÃO DE EMPRESA ESPECIALIZADA NA PRESTAÇÃO DE SERVIÇOS DE MAN,https://pncp.gov.br/app/editais/37226644000102/2026/69
TO,Campos Lindos,FUNDO MUNICIPAL DE SAUDE DE CAMPOS LINDOS,2026-06-09,Pregão - Eletrônico,Climatização,117508.93,117508.93,0.000,indefinido,não,"CONTRATAÇÃO DE EMPRESA PARA PRESTAÇÃO DE SERVIÇOS DE LIMPEZA E MANUTENÇÃO DE AR CONDICIONADO, DE INTERESSE DO",https://pncp.gov.br/app/editais/12775985000106/2026/4
TO,Divinópolis do Tocantins,ASSOCIACAO DE APOIO A ESCOLA ESTADUAL DONA CANDIDA DE FREITA,2026-06-12,Pregão - Eletrônico,Climatização,35925.24,22328.00,0.378,pontual,sim,Registro de preços para contratação de empresa especializada para prestação de serviços de manutenção preventi,https://pncp.gov.br/app/editais/01296363000189/2026/5
TO,Palmas,DEFENSORIA PUBLICA DO ESTADO DO TOCANTINS,2026-06-22,Pregão - Eletrônico,Climatização,1035221.72,157357.24,0.673,continuado,não,"Contratação de empresa especializada para prestação de serviços continuados de instalação, desinstalação, rema",https://pncp.gov.br/app/editais/07248660000135/2026/44
TO,Divinópolis do Tocantins,ASSOCIACAO DE APOIO DO COLEGIO ESTADUAL JOAO DIAS SOBRINHO,2026-06-29,Pregão - Eletrônico,Climatização,25800.00,13826.90,0.464,pontual,sim,Registro de preços para a contratação de empresa especializada para a  prestação de serviços de manutenção pre,https://pncp.gov.br/app/editais/01184383000168/2026/3
MT,Peixoto de Azevedo,MUNICIPIO DE PEIXOTO DE AZEVEDO,2026-07-06,Pregão - Presencial,Climatização,5554993.51,3606740.85,0.000,pontual,não,“REGISTRO DE PREÇOS PARA FUTURA E EVENTUAL CONTRATAÇÃO DE EMPRESA ESPECIALIZADA NA PRESTAÇÃO DE SERVIÇOS DE MA,https://pncp.gov.br/app/editais/03238631000131/2026/48
TO,Colméia,ASSOCIACAO APOIO DO COLEGIO ESTADUAL SERRA CORDILHEIRAS,2026-07-09,Pregão - Eletrônico,Climatização,66730.39,55766.50,0.164,pontual,sim,Registro de preços para contratação de empresa para prestação de serviços de manutenção preventiva e corretiva,https://pncp.gov.br/app/editais/01138330000100/2027/1
DF,Brasília,MINISTERIO PUBLICO DA UNIAO,2026-07-21,Pregão - Eletrônico,Climatização,20283.30,19994.37,0.014,indefinido,sim,Contratação de pessoa jurídica especializada no ramo de engenharia para prestação de serviços de manutenção do,https://pncp.gov.br/app/editais/26989715000102/2026/1070
DF,Brasília,EMPRESA BRASIL DE COMUNICAÇÃO,2026-07-27,Pregão - Eletrônico,Climatização,626638.22,350675.00,0.440,pontual,não,"Contratação de empresa especializada na prestação dos serviços de instalação, remanejamento, manutenção corret",https://pncp.gov.br/app/editais/09168704000142/2026/45
MT,Cáceres,MUNICIPIO DE CACERES,2026-07-30,Pregão - Eletrônico,Climatização,1748723.24,1049322.77,0.398,pontual,não,[LICITANET] - Registro de preço para futura e eventual contratação de empresa especializada na prestação de se,https://pncp.gov.br/app/editais/03214145000183/2026/83
DF,Brasília,MINISTERIO DOS TRANSPORTES,2026-08-05,Pregão - Eletrônico,Climatização,5033508.82,3786385.81,0.248,continuado,não,"Contratação de serviços continuados de engenharia, com dedicação exclusiva de mão de obra, para a realização d",https://pncp.gov.br/app/editais/37115342000167/2026/57
MG,Caratinga,CAMARA MUNICIPAL DE CARATINGA,2026-08-07,Pregão - Eletrônico,Climatização,352080.30,250000.00,0.290,indefinido,não,selecionar proposta para o Programa de Manutencao  Operacao e Controle de Manutencao Continua   PMOC   Instala,https://pncp.gov.br/app/editais/66229857000196/2026/54
MG,Córrego Fundo,MUNICIPIO DE CORREGO FUNDO,2026-08-13,Pregão - Eletrônico,Climatização,82540.48,62563.00,0.242,continuado,sim,[LICITANET] - Registro de preços para futura e eventual contratação de empresa especializada em prestação de s,https://pncp.gov.br/app/editais/01614862000177/2026/62
MG,Varginha,SECRETARIA DE ESTADO DE FAZENDA DE MINAS GERAIS,2026-08-21,Pregão - Eletrônico,Climatização,232852.92,157999.54,0.321,indefinido,não,Contratação de empresa para Instalação e Manutenção Preventiva e Corretiva em aparelhos de Ar condicionado par,https://pncp.gov.br/app/editais/16907746000113/2026/81
MG,Poço Fundo,MUNICIPIO DE POCO FUNDO,2026-08-21,Pregão - Eletrônico,Climatização,42252.33,29272.00,0.307,indefinido,sim,REGISTRO DE PRECOS PARA FUTURAS E EVENTUAIS CONTRATACOES DE EMPRESA ESPECIALIZADA NA PRESTACAO DE SERVICOS DE,https://pncp.gov.br/app/editais/18242792000176/2026/147
MG,São João do Oriente,MUNICIPIO DE SAO JOAO DO ORIENTE,2026-08-24,Pregão - Eletrônico,Climatização,153474.31,52999.83,0.655,indefinido,sim,REGISTRO DE PREÇOS PARA A CONTRATAÇÃO DE EMPRESA ESPECIALIZADA PARA PRESTAÇÃO DE SERVIÇOS MANUTENÇÃO CORRETIVA,https://pncp.gov.br/app/editais/18338848000190/2026/57
DF,Brasília,MINISTERIO PUBLICO DA UNIAO,2026-09-01,Pregão - Eletrônico,Climatização,52954.97,44675.00,0.156,pontual,sim,Contratação de pessoa jurídica especializada no ramo de engenharia para prestação de serviços de desinstalação,https://pncp.gov.br/app/editais/26989715000102/2026/1341
MT,Cuiabá,SECRETARIA DE ESTADO DE MEIO AMBIENTE DE MATO GROSSO,2026-09-02,Pregão - Eletrônico,Climatização,406931.68,233354.89,0.427,continuado,não,"Prestação de serviços continuados de manutenção preventiva e corretiva de condicionadores de ar, com fornecime",https://pncp.gov.br/app/editais/56085410000137/2026/61
TO,Paraíso do Tocantins,ASSOCIACAO DE APOIO DO CENTRO DE ENSINO MEDIO GIRASSOL DE TE,2026-04-29,Pregão - Eletrônico,Elétrica predial,770634.25,423740.69,0.437,continuado,não,Contratação de empresa especializada na prestação de serviços continuados de manutenção preventiva e corretiva,https://pncp.gov.br/app/editais/11675300000197/2026/2
TO,Paraíso do Tocantins,ASSOCIACAO DE APOIO DO CEM JOSE ALVES DE ASSIS,2026-05-07,Pregão - Eletrônico,Elétrica predial,737998.88,608581.80,0.232,continuado,não,"Prestação de serviços de manutenção preventiva e corretiva predial de bens móveis e imóveis, manutenção preven",https://pncp.gov.br/app/editais/01181169000158/2026/1
MS,Campo Grande,FUNDACAO UNIVERSIDADE FEDERAL DE MATO GROSSO DO SUL,2026-06-18,Pregão - Eletrônico,Elétrica predial,8762454.50,7011221.70,0.200,indefinido,não,Serviços comuns de engenharia - Áreas civil e elétrica,https://pncp.gov.br/app/editais/15461510000133/2025/239
MS,Campo Grande,AGENCIA ESTADUAL DE GESTAO DE EMPREENDIMENTOS,2026-06-18,Concorrência - Eletrônica,Elétrica predial,1100097.63,1100097.63,0.000,pontual,não,"SERVIÇOS DE MANUTENÇÃO GERAL PREVENTIVA, PREDITIVA E CORRETIVA, COM FORNECIMENTO DE PEÇAS E INSUMOS, DA SUBEST",https://pncp.gov.br/app/editais/15457856000168/2026/85
MT,Nova Bandeirantes,MUNICIPIO DE NOVA BANDEIRANTES,2026-06-24,Pregão - Presencial,Elétrica predial,82800.00,78000.00,0.058,continuado,não,"CONTRATAÇÃO DE EMPRESA ESPECIALIZADA NA PRESTAÇÃO DE SERVIÇOS CONTÍNUOS DE MANUTENÇÃO PREDIAL, COM DISPONIBILI",https://pncp.gov.br/app/editais/33683822000173/2026/45
DF,Brasília,CONSELHO FEDERAL DE CONTABILIDADE,2026-07-27,Pregão - Eletrônico,Elétrica predial,205402.61,191299.60,0.069,pontual,não,"Contratação de empresa especializada para o fornecimento de serviços em 3 itens distintos, sendo o item 1 a pr",https://pncp.gov.br/app/editais/33618570000107/2026/31
MT,Aripuanã,MUNICIPIO DE ARIPUANA,2026-07-29,Pregão - Presencial,Elétrica predial,549566.52,518672.00,0.056,pontual,não,Registro de preço para futura e eventual contratação de empresa especializada na prestação de serviços de manu,https://pncp.gov.br/app/editais/03507498000171/2026/96
DF,Brasília,MINISTERIO PUBLICO DA UNIAO,2026-08-12,Pregão - Eletrônico,Elétrica predial,1325894.76,1121374.65,0.154,continuado,não,"Contratação de empresa especializada para prestação de serviços técnicos continuados de manutenção predial, co",https://pncp.gov.br/app/editais/26989715000102/2026/1206
DF,Brasília,"MINISTERIO DA MULHER, DA FAMILIA E DOS DIREITOS HUMANOS",2026-08-17,Pregão - Eletrônico,Elétrica predial,6275338.39,4455490.26,0.290,pontual,não,"Contratação de serviços contínuos de manutenção preventiva, corretiva e preditiva dos Sistemas de Energia Elét",https://pncp.gov.br/app/editais/27136980000100/2026/35
MG,Ituiutaba,ITUIUTABA - CAMARA MUNICIPAL,2026-08-23,Pregão - Eletrônico,Elétrica predial,413040.00,305000.00,0.262,pontual,não,[LICITANET] - REGISTRO DE PREÇOS PARA FUTURA E PROVÁVEL CONTRATAÇÃO DE EMPRESA ESPECIALIZADA PARA PRESTAÇÃO DE,https://pncp.gov.br/app/editais/20669834000100/2026/36
MS,Corguinho,MUNICIPIO DE CORGUINHO,2025-11-28,Pregão - Eletrônico,Iluminação pública,,,,continuado,não,Contratação de empresa especializada na prestação de serviços continuados de manutenção preventiva e corretiva,https://pncp.gov.br/app/editais/03501525000107/2025/110
MS,Corguinho,MUNICIPIO DE CORGUINHO,2026-03-13,Pregão - Eletrônico,Iluminação pública,101887.08,101848.92,0.000,continuado,não,contratação de empresa especializada na prestação de serviços continuados de manutenção preventiva e corretiva,https://pncp.gov.br/app/editais/03501525000107/2026/15
TO,Cariri do Tocantins,MUNICIPIO DE CARIRI DO TOCANTINS,2026-07-03,Concorrência - Eletrônica,Iluminação pública,555405.36,555405.36,0.000,indefinido,não,[LICITANET] - CONTRATAÇÃO DE EMPRESA ESPECIALIZADA PARA A EXECUÇÃO DOS SERVIÇOS DE IMPLANTAÇÃO DE SISTEMA DE I,https://pncp.gov.br/app/editais/37344397000149/2026/11
MT,Nova Mutum,MUNICIPIO DE NOVA MUTUM,2026-07-29,Concorrência - Eletrônica,Iluminação pública,695078.65,695078.65,0.000,indefinido,não,CONTRATAÇÃO DE EMPRESA ESPECIALIZADA PARA EXECUÇÃO DE SERVIÇOS DE INSTALAÇÃO ELÉTRICA PARA ILUMINAÇÃO DOS LAGO,https://pncp.gov.br/app/editais/24772162000106/2026/147
MG,Coimbra,MUNICIPIO DE COIMBRA,2026-08-20,Pregão - Eletrônico,Iluminação pública,71647.80,70800.00,0.012,indefinido,sim,[Portal de Compras Públicas] - Contratação de empresa especializada para prestação de serviços de manutenção p,https://pncp.gov.br/app/editais/18132464000117/2026/65
MT,Alto Taquari,MUNICIPIO DE ALTO TAQUARI,2026-08-31,Concorrência - Eletrônica,Iluminação pública,676089.48,330810.00,0.511,indefinido,não,"EXTENSÃO DE REDE DE DISTRIBUIÇÃO DE ENERGIA ELÉTRICA E ILUMINAÇÃO PÚBLICA NO LOTEAMENTO SÃO JOSÉ, MUNICÍPIO DE",https://pncp.gov.br/app/editais/01362680000156/2026/124
MT,Novo Mundo,MUNICIPIO DE NOVO MUNDO,2026-09-18,Concorrência - Eletrônica,Iluminação pública,1123961.06,948623.13,0.156,pontual,não,CONTRATAÇÃO DE EMPRESA DE ENGENHARIA ESPECIALIZADA PARA EXECUÇÃO DE OBRA DE ILUMINAÇÃO PÚBLICA DA AVENIDA AYRT,https://pncp.gov.br/app/editais/01614517000133/2026/68
MG,Luz,CONSORCIO DE MUNICIPIOS DO ALTO SAO FRANCISCO - COMASF,2026-09-22,Pregão - Eletrônico,Iluminação pública,1508870.72,1508870.72,0.000,pontual,não,"CONTRATACAO DE EMPRESA ESPECIALIZADA NA EXECUCAO DE SERVICOS DE ENGENHARIA ELETRICA, VISANDO A MANUTENCAO CORR",https://pncp.gov.br/app/editais/09108857000102/2025/4
TO,Palmas,TRIBUNAL DE JUSTICA DO ESTADO DO TOCANTINS,2026-04-29,Pregão - Eletrônico,Manutenção predial,17002654.20,14374755.60,0.155,continuado,não,Contratação de pessoa jurídica para prestação de serviços continuados de manutenção predial preventiva e corre,https://pncp.gov.br/app/editais/25053190000136/2026/123
DF,Brasília,COMANDO DA AERONAUTICA,2025-05-27,Pregão - Eletrônico,Munck,124135.90,113534.80,0.085,indefinido,sim,Contratação de empresa especializada no serviço de içamento de cargas com a utilização de guindaste para prest,https://pncp.gov.br/app/editais/00394429000100/2025/966
MS,Mundo Novo,MUNICIPIO DE MUNDO NOVO,2025-10-30,Concorrência - Eletrônica,Munck,437993.97,280000.00,0.361,pontual,não,Constitui-se objeto da presente licitação a Contratação de empresa especializada visando a IMPLANTAÇÃO DE POST,https://pncp.gov.br/app/editais/03741683000126/2025/22
MS,Rio Verde de Mato Grosso,MUNICIPIO DE RIO VERDE DE MATO GROSSO,2025-11-13,Pregão - Eletrônico,Munck,197157.88,191320.01,0.030,pontual,não,CONTRATAÇÃO DE EMPRESA ESPECIALIZADA PARA ATENDER IMPLANTAÇÃO COM FORNECIMENTO DE MATERIAL E EQUIPAMENTOS PARA,https://pncp.gov.br/app/editais/03354560000132/2025/58
MS,Deodápolis,MUNICIPIO DE DEODAPOLIS,2026-01-10,Pregão - Presencial,Munck,161161.20,154440.00,0.042,indefinido,não,"REGISTRO DE PREÇOS PARA LOCAÇÃO DE CAMINHÃO MUNCK GUINDAUTO, PARA ATENDER AS DEMANDAS DA SECRETARIA MUNICIPAL",https://pncp.gov.br/app/editais/03903176000141/2026/1
MS,Santa Rita do Pardo,MUNICIPIO DE SANTA RITA DO PARDO,2026-01-26,Concorrência - Eletrônica,Munck,200585.37,190554.53,0.050,pontual,não,Contratação de Empresa especializada para executar a Obra de Implantação de Postes Ornamentais e Luminárias So,https://pncp.gov.br/app/editais/01561372000150/2026/2
MT,Nova Santa Helena,MUNICIPIO DE NOVA SANTA HELENA,2026-03-23,Pregão - Eletrônico,Munck,667500.00,333690.00,0.500,pontual,não,Registro de Preços para futura e eventual contratação de Serviços operacionais especializados com caminhões ti,https://pncp.gov.br/app/editais/04214704000118/2025/58
TO,Alvorada,MUNICIPIO DE ALVORADA,2026-03-23,Pregão - Eletrônico,Munck,225107.00,224605.67,0.002,pontual,não,"[Portal de Compras Públicas] - REGISTRO DE PREÇOS PARA FUTURA, EVENTUAL E PARCELADA CONTRATAÇÃO DE EMPRESA PAR",https://pncp.gov.br/app/editais/01800242000122/2026/16
MT,Poxoréu,MUNICIPIO DE POXOREO,2026-05-20,Pregão - Eletrônico,Munck,2343999.96,2162399.88,0.077,indefinido,não,"CONTRATAÇÃO DE EMPRESA ESPECIALIZADA PARA PRESTAÇÃO DE SERVIÇOS DE LOCAÇÃO DE ROLOS COMPACTADORES, CAMINHÃO PI",https://pncp.gov.br/app/editais/03408911000140/2026/23
MT,Sapezal,MUNICIPIO DE SAPEZAL,2026-05-26,Pregão - Presencial,Munck,3150988.99,3016160.00,0.001,continuado,não,"FUTURA E EVENTUAL CONTRATAÇÃO DE EMPRESA ESPECIALIZADA EM PRESTAÇÃO DE SERVIÇO COM CAMINHÃO PIPA, ESCAVADEIRA",https://pncp.gov.br/app/editais/01614225000109/2026/129
MT,Juína,DEPARTAMENTO DA AGUA E ESGOTO SANITARIO,2026-06-03,Pregão - Eletrônico,Munck,1854027.50,1317714.00,0.289,pontual,não,REGISTRO DE PREÇOS PARA FUTURA E EVENTUAL CONTRATAÇÃO DE EMPRESA PARA PRESTAÇÃO DE SERVIÇOS DIVERSOS (SERVIÇOS,https://pncp.gov.br/app/editais/04709778000125/2026/15
MT,Sapezal,MUNICIPIO DE SAPEZAL,2026-06-25,Pregão - Presencial,Munck,133002.00,118700.00,0.108,pontual,não,"FUTURA E EVENTUAL CONTRATAÇÃO DE EMPRESA ESPECIALIZADA EM PRESTAÇÃO EM SERVIÇO DE CAMINHÃO MUNCK, em atendimen",https://pncp.gov.br/app/editais/01614225000109/2026/171
MG,Três Pontas,SERVICO AUTONOMO DE AGUA E ESGOTO,2026-07-09,Pregão - Eletrônico,Munck,248500.00,218300.00,0.122,pontual,não,"Registro de Preços para futura e eventual locação de escavadeira, retroescavadeira e caminhão munck para atend",https://pncp.gov.br/app/editais/25269069000146/2026/37
MG,São Lourenço,MUNICIPIO DE SAO LOURENCO,2026-08-28,Pregão - Eletrônico,Munck,237792.00,234000.00,0.016,pontual,não,"Prestação de serviços especializados na locação de caminhão Munck, com capacidade mínima de 45 t/m (quarenta e",https://pncp.gov.br/app/editais/18188219000121/2026/331
TO,Abreulândia,2ª Divisão Especializada em Repressão a Narcóticos,2025-09-01,Pregão - Eletrônico,Refrigeração,40000.16,34150.00,0.146,continuado,sim,Contratação de empresa especializada para prestação de serviços continuados de manutenção preventiva e correti,https://pncp.gov.br/app/editais/01071408000117/2025/2
MS,Campo Grande,SESC ADMINISTRACAO REGIONAL NO ESTADO DO MATO GROSSO DO SUL,2026-02-25,Pregão - Eletrônico,Refrigeração,0.02,289799.73,-14489985.500,continuado,não,Contratação de empresa especializada para a prestação de serviços continuados de manutenção preventiva e corre,https://pncp.gov.br/app/editais/03560440000191/2026/25
MS,Dourados,MUNICIPIO DE DOURADOS,2026-04-13,Pregão - Eletrônico,Refrigeração,477830.32,384839.00,0.195,indefinido,não,"Serviços de manutenção preventiva e corretiva de equipamentos de refrigeração (geladeiras, freezers e bebedour",https://pncp.gov.br/app/editais/03155926000144/2026/33
DF,Brasília,SECRETARIA DE ESTADO DE ECONOMIA DO DISTRITO FEDERAL,2026-04-15,Pregão - Eletrônico,Refrigeração,1934898.84,1237566.65,0.485,indefinido,não,"Registro de Preços, a fim de possibilitar a futura contratação de empresa especializada na prestação de serviç",https://pncp.gov.br/app/editais/00394684000153/2026/49
MG,Campo Azul,MUNICIPIO DE CAMPO AZUL,2026-07-06,Pregão - Eletrônico,Refrigeração,498733.32,221500.00,0.556,pontual,não,"CONTRATAÇÃO DE EMPRESA ESPECIALIZADA PARA INSTALAÇÃO, FORNECIMENTO DE PEÇAS DE REPOSIÇÃO EPRESTAÇÃO DE SERVIÇO",https://pncp.gov.br/app/editais/01612551000179/2026/26
DF,Brasília,ADVOCACIA GERAL DA UNIAO,2026-07-16,Pregão - Eletrônico,Refrigeração,887917.50,665913.00,0.250,pontual,não,"Contratação de serviços de engenharia, contínuos, de manutenção preventiva e corretiva e Instalação/Desinstala",https://pncp.gov.br/app/editais/26994558000123/2026/126
DF,Brasília,EMPRESA BRASILEIRA DE PESQUISA AGROPECUARIA,2026-07-23,Pregão - Eletrônico,Refrigeração,823950.00,338700.00,0.589,pontual,não,"Contratação de serviços de manutenção preventiva e corretiva em equipamentos de refrigeração, instalação de eq",https://pncp.gov.br/app/editais/00348003000110/2026/585
MT,Poxoréu,MUNICIPIO DE POXOREO,2026-08-11,Pregão - Eletrônico,Refrigeração,67453.36,40947.28,0.393,indefinido,não,"CONTRATAÇÃO DE EMPRESA ESPECIALIZADA NA LIMPEZA, MANUTENÇÃO PREVENTIVA, MANUTENÇÃO CORRETIVA E HIGIENIZAÇÃO D",https://pncp.gov.br/app/editais/03408911000140/2026/59
MG,Bocaiúva,HOSPITAL MUNICIPAL DR GIL ALVES,2026-08-12,Pregão - Eletrônico,Refrigeração,654093.60,500000.00,0.236,indefinido,não,[Portal de Compras Públicas] - REGISTRO DE PREÇOS PARA CONTRATAÇÃO DE EMPRESA ESPECIALIZADA PARA PRESTAÇÃO DE,https://pncp.gov.br/app/editais/04842827000101/2026/52
MT,Aripuanã,MUNICIPIO DE ARIPUANA,2026-08-27,Pregão - Presencial,Refrigeração,1627113.37,1409660.00,0.134,pontual,não,Registro de preços para futura e eventual contratação de empresa especializada para o fornecimento e manutençã,https://pncp.gov.br/app/editais/03507498000171/2026/113
MG,São João del Rei,CONSORCIO INTERMUNICIPAL DE SAUDE DAS VERTENTES,2026-09-23,Pregão - Eletrônico,Refrigeração,37576.00,37576.00,0.000,pontual,não,"Adesão a Ata de Registro de Preços nº0140/2025, Processo Licitatório  nº056/2025, Pregão Eletrônico nº012/2025",https://pncp.gov.br/app/editais/01098929000168/2026/24
